啊,a,啊,"exclamation (surprise), ah"
阿,ā,阿,prefix to names of people to form terms of endearment
艾,ài,艾,"mugwort, stop"
愛,ài,爱,love
矮,ǎi,矮,short (height)
哀,āi,哀,sorrow
哎,āi,哎,exclamation (surprise)
唉,āi,唉,"sigh, alas"
埃,āi,埃,dust
挨,āi,挨,endure
捱,āi,捱,to endure
岸,àn,岸,"shore, bank"
暗,àn,暗,dark
按,àn,按,press
案,àn,案,case
俺,ǎn,俺,I (informal)
安,ān,安,"safe, peaceful"
氨,ān,氨,ammonia
庵,ān,庵,hermitage
昂,áng,昂,"lift, raise"
盎,àng,盎,bowl
敖,áo,敖,roam
拗,ào,拗,stubborn
凹,āo,凹,concave
吧,ba,吧,exclamation (question/uncertainty)
拔,bá,拔,pull out
爸,bà,爸,dad
耙,bà,耙,rake
把,bǎ,把,"grasp, handle"
巴,bā,巴,"cling, hope"
八,bā,八,eight
叭,bā,叭,an onomatopoeic for trumpet sound
疤,bā,疤,scar
笆,bā,笆,fence
白,bái,白,white
敗,bài,败,"lose, defeat"
拜,bài,拜,worship
百,bǎi,百,hundred
佰,bǎi,佰,hundred
柏,bǎi,柏,cypress
拌,bàn,拌,"mix, stir"
半,bàn,半,half
伴,bàn,伴,companion
扮,bàn,扮,dress up as
絆,bàn,绊,trip over
板,bǎn,板,"board, plank"
舨,bǎn,舨,boat
扳,bān,扳,"topull, turn"
班,bān,班,class
般,bān,般,"type, like"
蚌,bàng,蚌,clam
邦,bāng,邦,"nation, state"
幫,bāng,帮,help
梆,bāng,梆,clapper
報,bào,报,"report, newspaper"
抱,bào,抱,"embrace, hug"
豹,bào,豹,leopard
保,bǎo,保,protect
包,bāo,包,"bag, wrap"
胞,bāo,胞,the afterbirth; born of the same parents
苞,bāo,苞,bud
狽,bèi,狈,a legendary animal name
貝,bèi,贝,"shell, money"
背,bèi,背,back
倍,bèi,倍,times (multiplier)
悖,bèi,悖,contradict
北,běi,北,north
卑,bēi,卑,"low, humble"
杯,bēi,杯,cup; glass (measure word for drinks)
盃,bēi,盃,cup
笨,bèn,笨,"stupid, clumsy"
本,běn,本,"root, origin"
畚,běn,畚,dustpan
奔,bēn,奔,"run, flee"
甭,béng,甭,do not
崩,bēng,崩,collapse
鼻,bí,鼻,nose
荸,bí,荸,water chestnut
庇,bì,庇,"shelter, cover"
閉,bì,闭,close
必,bì,必,"must, necessary"
俾,bì,俾,give
陛,bì,陛,emperor's throne
婢,bì,婢,maid
敝,bì,敝,"shabby, worn-out"
畢,bì,毕,finish
匕,bǐ,匕,"spoon, dagger"
彼,bǐ,彼,"that, he"
比,bǐ,比,compare; ratio
筆,bǐ,笔,pen
妣,bǐ,妣,deceased mother
弁,biàn,弁,"cap, distinguish"
變,biàn,变,change
便,biàn,便,convenient; then
卞,biàn,卞,short-tempered
扁,biǎn,扁,flat
匾,biǎn,匾,plaque
砭,biān,砭,grind
婊,biǎo,婊,prostitute (derogatory)
別,bié,别,"other, separate"
彬,bīn,彬,refined
併,bìng,并,"combine, merge"
並,bìng,并,and
病,bìng,病,"illness, disease, sick"
餅,bǐng,饼,cake
丙,bǐng,丙,third (of heavenly stem)
柄,bǐng,柄,handle
炳,bǐng,炳,bright
兵,bīng,兵,soldier
冰,bīng,冰,ice
伯,bó,伯,"elder brother, uncle"
帛,bó,帛,silk
勃,bó,勃,vigorous
脖,bó,脖,neck
舶,bó,舶,large ship
玻,bō,玻,glass
剝,bō,剝,peel
缽,bō,缽,alms bowl
菠,bō,菠,spinach
怖,bù,怖,"terror, fear"
布,bù,布,"cloth, spread"
步,bù,步,"step, walk"
不,bù,不,not
部,bù,部,part
埠,bù,埠,port
卜,bǔ,卜,"divine, predict"
哺,bǔ,哺,feed
捕,bǔ,捕,capture
才,cái,才,"talent, ability; just now"
財,cái,财,wealth
材,cái,材,material
菜,cài,菜,vegetable; dish
彩,cǎi,彩,color
採,cǎi,采,pick
猜,cāi,猜,guess
餐,cān,餐,meal
參,cān,参,participate
倉,cāng,倉,warehouse
曹,cáo,曹,manage
草,cǎo,草,grass
冊,cè,册,"book, volume"
側,cè,侧,side
岑,cén,岑,steep hill
查,chá,查,check
茶,chá,茶,tea
岔,chà,岔,"fork, diverge"
叉,chā,叉,"fork, cross"
差,chā,差,difference
柴,chái,柴,firewood
豺,chái,豺,jackal
拆,chāi,拆,take apart
產,chǎn,产,produce
長,cháng,长,long
常,cháng,常,"often, usual"
唱,chàng,唱,sing
倡,chàng,倡,advocate
悵,chàng,悵,regretful
場,chǎng,场,"field, ground"
昌,chāng,昌,prosperous
倀,chāng,伥,a ghost name
娼,chāng,娼,prostitute
猖,chāng,猖,wild
菖,chāng,菖,calamus
巢,cháo,巢,nest
吵,chǎo,吵,quarrel
抄,chāo,抄,"copy, plagiarize"
坼,chè,坼,"crack, split"
扯,chě,扯,"topull, tear"
車,chē,车,vehicle
辰,chén,辰,"time, celestialbody"
臣,chén,臣,"minister, subject"
忱,chén,忱,sincerity
沈,chén,沉,sink
宸,chén,宸,imperial
晨,chén,晨,morning
承,chéng,承,"bear, inherit"
成,chéng,成,"achieve, become"
程,chéng,程,"process, course"
城,chéng,城,city
丞,chéng,丞,assist
呈,chéng,呈,present
乘,chéng,乘,ride
秤,chèng,秤,"balance, scales, "
弛,chí,弛,"relax, loosen"
池,chí,池,pond
持,chí,持,hold
匙,chí,匙,spoon
赤,chì,赤,"red, bare"
斥,chì,斥,"toscold, expel"
叱,chì,叱,scold
翅,chì,翅,wing
尺,chǐ,尺,ruler; foot (unit)
侈,chǐ,侈,extravagant
恥,chǐ,耻,shame
吃,chī,吃,eat
蚩,chī,蚩,a type of insect
笞,chī,笞,flog
重,chóng,重,"repeat, overlap, again"
崇,chóng,崇,revere
沖,chōng,冲,"rush, rinse"
充,chōng,充,"fill, serveas"
舂,chōng,舂,to pound
仇,chóu,仇,"enemy, hatred"
惆,chóu,惆,melancholy
臭,chòu,臭,smelly
醜,chǒu,丑,ugly
丑,chǒu,丑,second (of earthly branch)
抽,chōu,抽,"pull, draw out"
廚,chú,厨,kitchen
芻,chú,刍,"grass, hay; cut grass"
除,chú,除,remove
怵,chù,怵,fearful
絀,chù,绌,insufficient
畜,chù,畜,livestock
杵,chǔ,杵,pestle
出,chū,出,"exit, go out"
船,chuán,船,"boat, ship"
串,chuàn,串,"string, skewer"
舛,chuǎn,舛,contrary
穿,chuān,穿,wear; through
川,chuān,川,river
床,chuáng,床,bed
窗,chuāng,窗,window
垂,chuí,垂,"hang, droop"
吹,chuī,吹,blow
純,chún,纯,pure
淳,chún,淳,pure
脣,chún,脣,lips
春,chūn,春,spring
啜,chuò,啜,sip
詞,cí,词,word
祠,cí,祠,shrine
瓷,cí,瓷,porcelain
次,cì,次,"next, order"
刺,cì,刺,"stab, thorn"
此,cǐ,此,this
疵,cī,疵,defect
從,cóng,从,from; follow
淙,cóng,淙,gurgling (water)
匆,cōng,匆,hurried
囪,cōng,囱,chimney
促,cù,促,"urge, hasten"
粗,cū,粗,thick; coarse
萃,cuì,萃,gather
脆,cuì,脆,crisp
悴,cuì,悴,weak
崔,cuī,崔,surname
存,cún,存,"toexist, deposit"
寸,cùn,寸,inch
忖,cǔn,忖,ponder
村,cūn,村,village
厝,cuò,厝,to place; house
挫,cuò,挫,thwart
措,cuò,措,place
答,dá,答,answer
大,dà,大,big
打,dǎ,打,hit
代,dài,代,generation; replace
岱,dài,岱,a mountain name
待,dài,待,wait
怠,dài,怠,neglect
殆,dài,殆,dangerous
玳,dài,玳,agate
帶,dài,带,"wear, bring"
歹,dǎi,歹,"bad, wicked"
呆,dāi,呆,foolish
旦,dàn,旦,"dawn, morning"
但,dàn,但,but; only
啖,dàn,啖,(archaic) eat
淡,dàn,淡,light (flavor)
丹,dān,丹,"cinnabar, red"
單,dān,单,single
耽,dān,耽,indulge
當,dàng,当,appropriate
當,dāng,当,equal; serve as; should
到,dào,到,"arrive, reach"
倒,dào,倒,pour; reverse
道,dào,道,"way, path"
悼,dào,悼,mourn
島,dǎo,岛,island
刀,dāo,刀,knife
得,dé,得,obtain
得,děi,得,must
等,děng,等,wait
狄,dí,狄,barbarian (from north); a surname
迪,dí,迪,enlighten
笛,dí,笛,flute
荻,dí,荻,reed
地,dì,地,"ground, earth"
弟,dì,弟,younger brother
帝,dì,帝,emperor
娣,dì,娣,younger sister
第,dì,第,order
底,dǐ,底,"bottom, base"
抵,dǐ,抵,resist; arrive
牴,dǐ,牴,oppose
砥,dǐ,砥,grindstone
氐,dī,氐,"low, Diethnicgroup"
低,dī,低,low
甸,diàn,甸,"outskirts, farm"
店,diàn,店,"shop, store"
電,diàn,电,"lightning, electricity"
佃,diàn,佃,tenant farmer
玷,diàn,玷,blemish
惦,diàn,惦,think about
點,diǎn,点,"point, dot"
典,diǎn,典,classic; code
弔,diào,吊,"condole, mourn; hang"
掉,diào,掉,"fall, drop"
刁,diāo,刁,"tricky, sly"
叼,diāo,叼,hold in mouth
凋,diāo,凋,wither
彫,diāo,彫,carve
迭,dié,迭,repeat
爹,diē,爹,father
定,dìng,定,"decide, fix"
訂,dìng,订,"revise; order, subscribe"
酊,dǐng,酊,medicinal liquor
丁,dīng,丁,"fourth (of heavenly stem), maleadult"
叮,dīng,叮,"tosting, urge"
仃,dīng,仃,alone
盯,dīng,盯,to stare at
釘,dīng,钉,nail
丟,diū,丢,"tolose, throwaway"
凍,dòng,冻,freeze
動,dòng,动,move
恫,dòng,恫,threaten
洞,dòng,洞,cave
胴,dòng,胴,body
懂,dǒng,懂,understand
東,dōng,东,east
冬,dōng,冬,winter
咚,dōng,咚,knocking sound
豆,dòu,豆,bean
鬥,dòu,斗,fight
斗,dǒu,斗,a measure unit
抖,dǒu,抖,to tremble
蚪,dǒu,蚪,tadpole
陡,dǒu,陡,steep
都,dōu,都,"all, both"
兜,dōu,兜,pocket
讀,dú,读,read
毒,dú,毒,poison
度,dù,度,"degree, extent"
肚,dù,肚,"belly, stomach"
杜,dù,杜,to prevent
妒,dù,妒,jealous
堵,dǔ,堵,block
斷,duàn,断,break
段,duàn,段,section
短,duǎn,短,short (length)
隊,duì,队,team
兌,duì,兑,to exchange
堆,duī,堆,pile
沌,dùn,沌,chaos
盾,dùn,盾,shield
盹,dǔn,盹,nod (sleepy)
剁,duò,剁,to chop
舵,duò,舵,rudder
朵,duǒ,朵,classifier for flowers
多,duō,多,"many, much"
咄,duō,咄,exclamation
俄,é,俄,Russia
娥,é,娥,beautiful woman
峨,é,峨,steep
呃,è,呃,"hiccup, belch"
扼,è,扼,"choke, suppress"
餓,è,饿,hungry
恶,è,恶,evil
厄,è,厄,adversity
堊,è,堊,clay
婀,ē,婀,graceful
恩,ēn,恩,grace
而,ér,而,"and, but"
兒,ér,儿,child
二,èr,二,two
耳,ěr,耳,ear
洱,ěr,洱,Erhai Lake
伐,fá,伐,"toattack, cutdown"
乏,fá,乏,"lacking, poor"
髮,fà,发,hair
砝,fǎ,砝,scale (for weighing)
凡,fán,凡,"ordinary, common"
氾,fàn,氾,overflow
犯,fàn,犯,to commit (crime)
范,fàn,范,model
梵,fàn,梵,Buddhist
反,fǎn,反,opposite
帆,fān,帆,sail
妨,fáng,妨,"hinder, obstruct"
防,fáng,防,"defend, prevent"
房,fáng,房,house
放,fàng,放,put; release
仿,fǎng,仿,"imitate, resemble"
紡,fǎng,纺,spin
舫,fǎng,舫,boat
方,fāng,方,square; direction
坊,fāng,坊,"workshop, neighborhood"
枋,fāng,枋,square timber
費,fèi,费,expense
吠,fèi,吠,to bark
匪,fěi,匪,bandit
飛,fēi,飞,fly
非,fēi,非,not; wrong; (short for) Africa
妃,fēi,妃,imperial concubine
啡,fēi,啡,coffee
菲,fēi,菲,luxuriant
汾,fén,汾,a river name
份,fèn,份,"portion, share"
忿,fèn,忿,angry
粉,fěn,粉,powder; pink
分,fēn,分,minute; divide
吩,fēn,吩,to instruct
紛,fēn,纷,chaos
奉,fèng,奉,"offer, respect"
鳳,fèng,凤,phoenix
俸,fèng,俸,salary
風,fēng,风,wind
封,fēng,封,seal
峰,fēng,峰,peak
烽,fēng,烽,beacon fire
彿,fó,彿,"seem, like"
佛,fó,佛,Buddha
否,fǒu,否,"no, deny"
缶,fǒu,缶,earthen jar
孚,fú,孚,"trust, confidence"
拂,fú,拂,"tobrush, flick"
伏,fú,伏,"crouch, submit"
服,fú,服,clothes; obey
福,fú,福,blessing
弗,fú,弗,not
扶,fú,扶,to support
俘,fú,俘,capture
氟,fú,氟,fluorine
浮,fú,浮,float
匐,fú,匐,crawl
符,fú,符,symbol
紼,fú,绋,(archaic) thick rope
莩,fú,莩,husk
付,fù,付,pay; deliver
負,fù,负,"carry, bear; defeat; negative"
父,fù,父,father
咐,fù,咐,instruct
訃,fù,讣,obituary
赴,fù,赴,attend
副,fù,副,vice
婦,fù,婦,woman
甫,fǔ,甫,a surname
府,fǔ,府,government office
斧,fǔ,斧,axe
俯,fǔ,俯,look down
釜,fǔ,釜,kettle
脯,fǔ,脯,dried meat
伕,fū,夫,"porter, laborer"
夫,fū,夫,husband; man
,,,
尬,gà,尬,awkward
丐,gài,丐,beggar
改,gǎi,改,to change
該,gāi,该,"should, ought to"
桿,gǎn,桿,rod
干,gān,干,"offend;interfere, involve"
乾,gān,干,dry
甘,gān,甘,sweet
肝,gān,肝,liver
坩,gān,坩,crucible
柑,gān,柑,tangerine
竿,gān,竿,pole
疳,gān,疳,malnutrition
岡,gāng,岡,"ridge, hill"
鋼,gāng,钢,steel
肛,gāng,肛,anus
缸,gāng,缸,jar
剛,gāng,刚,strong
告,gào,告,"totell, announce"
高,gāo,高,"tall, high"
羔,gāo,羔,lamb
紇,gé,纥,thread
革,gé,革,leather
格,gé,格,standard
鬲,gé,鬲,a type of ancient vessel
各,gè,各,"each, every"
個,gè,個,individual
歌,gē,歌,song
哥,gē,哥,older brother
戈,gē,戈,dagger-axe
咯,gē,咯,an onomatopoeic word
胳,gē,胳,arm
給,gěi,给,give
艮,gèn,艮,"tough, mountaintrigram"
亙,gèn,亙,extend across
根,gēn,根,root
更,gèng,更,more
埂,gěng,埂,embankment
耿,gěng,耿,firm
梗,gěng,梗,stem
更,gēng,更,change; experience
庚,gēng,庚,seventh (of heavenly stem)
耕,gēng,耕,plow
共,gòng,共,"together, common"
供,gòng,供,offerings; confess
貢,gòng,貢,tribute
汞,gǒng,汞,mercury
拱,gǒng,拱,arch
供,gōng,供,"provide, offer"
攻,gōng,攻,attack
公,gōng,公,public; male (animal)
工,gōng,工,work
弓,gōng,弓,bow (weapon)
功,gōng,功,achievement
宮,gōng,宮,palace
恭,gōng,恭,respectful
蚣,gōng,蚣,millipede
躬,gōng,躬,bend down
垢,gòu,垢,"dirt, filth"
購,gòu,购,purchase
夠,gòu,夠,enough
狗,gǒu,狗,dog
枸,gǒu,枸,jujube tree
苟,gǒu,苟,careless
勾,gōu,勾,hook
佝,gōu,佝,hunchback
故,gù,故,"cause, reason"
固,gù,固,"firm, solid"
谷,gǔ,谷,"valley, grain"
古,gǔ,古,ancient
牯,gǔ,牯,ox
罟,gǔ,罟,fishnet
骨,gǔ,骨,bone
估,gū,估,"estimate, guess"
孤,gū,孤,"orphan, lonely"
咕,gū,咕,to mumble
呱,gū,呱,an onomatopoeic word (baby's cry)
姑,gū,姑,aunt
卦,guà,卦,divination symbol
掛,guà,掛,to hang
瓜,guā,瓜,melon
刮,guā,刮,to scrape
怪,guài,怪,"strange, monster"
拐,guǎi,拐,abduct; turn
冠,guàn,冠,put on a hat; champion
館,guǎn,馆,hall
莞,guǎn,莞,rush (plant)
關,guān,关,"close, shut"
官,guān,官,official
冠,guān,冠,"hat, crown"
倌,guān,倌,attendant
光,guāng,光,light
胱,guāng,胱,bladder
貴,guì,贵,expensive
桂,guì,桂,osmanthus
癸,guǐ,癸,tenth (of heavenly stem)
軌,guǐ,軌,track
鬼,guǐ,鬼,ghost
圭,guī,圭,jade tablet
皈,guī,皈,return
國,guó,国,country
過,guò,过,"pass, cross"
果,guǒ,果,fruit; result
枴,guǒ,枴,crutch
猓,guǒ,猓,a type of monkey
哈,hā,哈,laugh
還,hái,还,"still, yet"
孩,hái,孩,child
亥,hài,亥,twelfth (of earthly branch)
害,hài,害,harm
氦,hài,氦,helium
海,hǎi,海,sea
含,hán,含,"tocontain, include"
函,hán,函,"envelope, letter"
涵,hán,涵,contain
漢,hàn,汉,Han Chinese
汗,hàn,汗,sweat
旱,hàn,旱,drought
悍,hàn,悍,brave
焊,hàn,焊,weld
罕,hǎn,罕,"rare, scarce"
行,háng,行,line; occupation; business firm
吭,háng,吭,throat
杭,háng,杭,a city name
航,háng,航,sail
毫,háo,毫,fine (hair)
浩,hào,浩,vast
耗,hào,耗,consume
好,hǎo,好,good
合,hé,合,"tocombine, fit"
何,hé,何,"what, why"
和,hé,和,and; peace
河,hé,河,river
禾,hé,禾,grain
劾,hé,劾,to impeach
曷,hé,曷,why
核,hé,核,core
盍,hé,盍,why
涸,hé,涸,dried up
盒,hé,盒,box
荷,hé,荷,lotus
呵,hē,呵,"scold, breathe"
喝,hē,喝,drink
黑,hēi,黑,black
痕,hén,痕,scar
恨,hèn,恨,hate
很,hěn,很,very
狠,hěn,狠,harsh
恆,héng,恆,constant
亨,hēng,亨,"smooth, successful"
哼,hēng,哼,an onomatopoeic word (hum)
弘,hóng,弘,"vast, expand"
宏,hóng,宏,"grand, magnificent"
紅,hóng,红,red
洪,hóng,洪,flood
,,,
虹,hóng,虹,rainbow
訌,hòng,讧,dispute
哄,hōng,哄,"coax, stirup"
烘,hōng,烘,bake
侯,hóu,侯,"marquis, noble"
後,hòu,后,"after, back"
后,hòu,后,queen
厚,hòu,厚,thick; generous
後,hòu,後,after
候,hòu,候,wait
逅,hòu,逅,meet
吼,hǒu,吼,to roar
湖,hú,湖,lake
弧,hú,弧,arc
胡,hú,胡,barbarian from north; a surname
戶,hù,户,household; door
護,hù,护,protect
互,hù,互,mutually
扈,hù,扈,follow
瓠,hù,瓠,gourd
虎,hǔ,虎,tiger
唬,hǔ,唬,scare
呼,hū,呼,"call, exhale"
忽,hū,忽,"suddenly, neglect"
乎,hū,乎,an exclamatory particle
惚,hū,惚,absent-minded
划,huá,划,"torow, plan"
華,huá,华,"China; splendid, magnificent"
化,huà,化,"change, transform"
話,huà,话,"speech, words"
畫,huà,画,"draw, painting"
花,huā,花,flower
淮,huái,淮,a river name
壞,huài,坏,bad; broken
還,huán,还,return
桓,huán,桓,(surname)
患,huàn,患,"trouble, miseary;anxiety"
幻,huàn,幻,illusion
奐,huàn,奐,splendid
宦,huàn,宦,official
歡,huān,欢,happiness
黃,huáng,黄,yellow
皇,huáng,皇,emperor
凰,huáng,凰,phoenix
恍,huǎng,恍,dazed
晃,huǎng,晃,shake
肓,huāng,肓,"blind, membrane"
荒,huāng,荒,desolate
回,huí,回,return
徊,huí,徊,return
茴,huí,茴,sweet
迴,huí,迴,return
會,huì,会,"meet, can"
卉,huì,卉,plants
彗,huì,彗,comet
晦,huì,晦,dark
虫,huǐ,虫,insect
悔,huǐ,悔,regret
灰,huī,灰,"ash, gray"
恢,huī,恢,restore
混,hùn,混,mix
昏,hūn,昏,dusk; confused
婚,hūn,婚,marriage
活,huó,活,live
或,huò,或,"or, maybe"
伙,huǒ,伙,"partner, group"
火,huǒ,火,fire
吉,jí,吉,"lucky, auspicious"
即,jí,即,then; immediately; namely
及,jí,及,and; reach
岌,jí,岌,steep
汲,jí,汲,to draw (water)
亟,jí,亟,urgent
急,jí,急,urgent
疾,jí,疾,illness
級,jí,級,level
忌,jì,忌,taboo
技,jì,技,"skill, technique"
季,jì,季,season; youngest
記,jì,记,remember; record
計,jì,计,plan; calculate
妓,jì,妓,prostitute
既,jì,既,already
紀,jì,紀,chronicle
寄,jì,寄,to send
寂,jì,寂,silent
悸,jì,悸,palpitation
祭,jì,祭,sacrifice
己,jǐ,己,oneself
几,jǐ,几,how many; a few
脊,jǐ,脊,spine
雞,jī,鸡,chicken
乩,jī,乩,divination
肌,jī,肌,muscle
垃,lā,垃,garbage
圾,jī,圾,garbage
唧,jī,唧,an onomatopoeic word (chirp)
姬,jī,姬,princess
屐,jī,屐,wooden sandals
飢,jī,饥,hunger
基,jī,基,base
戛,jiá,戛,strike
莢,jiá,莢,pod
駕,jià,驾,drive
架,jià,架,frame
甲,jiǎ,甲,first (of heavenly stem); armor
胛,jiǎ,胛,shoulder blade
假,jiǎ,假,fake
佳,jiā,佳,"good, beautiful"
夾,jiā,夹,"topress, holdbetween"
加,jiā,加,add
家,jiā,家,home; family
迦,jiā,迦,a Sanskrit honorific
件,jiàn,件,"item, document"
見,jiàn,见,"see, perceive"
健,jiàn,健,healthy
建,jiàn,建,build
荐,jiàn,荐,recommend
減,jiǎn,减,reduce
柬,jiǎn,柬,letter
剪,jiǎn,剪,cut
,,,
尖,jiān,尖,"sharp, pointed"
姦,jiān,奸,treacherous; adultery
兼,jiān,兼,combine
堅,jiān,堅,firm
匠,jiàng,匠,craftsman
降,jiàng,降,descend
講,jiǎng,讲,speak
江,jiāng,江,river
姜,jiāng,姜,ginger
將,jiāng,將,general
叫,jiào,叫,"call, shout"
覺,jiào,觉,sleep
教,jiào,教,teach
角,jiǎo,角,"horn, angle"
腳,jiǎo,脚,foot
狡,jiǎo,狡,cunning
皎,jiǎo,皎,(moon) bright and clear
交,jiāo,交,"toexchange, intersect"
姣,jiāo,姣,beautiful
郊,jiāo,郊,suburbs
劫,jié,劫,"torob, disaster"
孑,jié,孑,alone
杰,jié,杰,outstanding
拮,jié,拮,squeeze
桀,jié,桀,tyrant
訐,jié,訐,accuse
捷,jié,捷,quick
戒,jiè,戒,"towarn, abstain"
屆,jiè,届,"session, term"
界,jiè,界,"boundary, realm"
借,jiè,借,borrow
介,jiè,介,introduce
疥,jiè,疥,scabies
解,jiě,解,untie; explain
姐,jiě,姐,elder sister
皆,jiē,皆,all
接,jiē,接,to connect
進,jìn,进,enter
近,jìn,近,near
晉,jìn,晉,advance
浸,jìn,浸,soak
今,jīn,今,"today, present"
巾,jīn,巾,"scarf, towel"
斤,jīn,斤,catty (weight unit)
金,jīn,金,gold
津,jīn,津,port
矜,jīn,矜,pride
勁,jìng,勁,"strength, energy"
競,jìng,竞,compete
敬,jìng,敬,respect
徑,jìng,徑,path
淨,jìng,淨,clean
井,jǐng,井,water well
睛,jīng,睛,pupil (of eye)
鯨,jīng,鲸,whale
經,jīng,经,pass through
精,jīng,精,essence
京,jīng,京,capital city
涇,jīng,泾,a river name
荊,jīng,荊,thorn
旌,jīng,旌,flag
莖,jīng,茎,stem
菁,jīng,菁,flourishing
炯,jiǒng,炯,bright
迥,jiǒng,迥,different
咎,jiù,咎,"fault, blame"
舊,jiù,旧,old (used)
舅,jiù,舅,maternal uncle
臼,jiù,臼,mortar
柩,jiù,柩,coffin
救,jiù,救,"rescue, help"
九,jiǔ,九,nine
酒,jiǔ,酒,"wine, alcohol"
久,jiǔ,久,long (time)
灸,jiǔ,灸,moxibustion
玖,jiǔ,玖,black jade
韭,jiǔ,韭,leek
究,jiū,究,investigate
赳,jiū,赳,gallant
局,jú,局,"bureau, office"
桔,jú,桔,orange
菊,jú,菊,chrysanthemum
劇,jù,剧,"drama, play"
聚,jù,聚,gather
鉅,jù,巨,huge
句,jù,句,sentence
巨,jù,巨,huge
具,jù,具,tool
拒,jù,拒,refuse
炬,jù,炬,torch
苣,jù,苣,lettuce
倨,jù,倨,haughty
俱,jù,俱,all
咀,jǔ,咀,chew
矩,jǔ,矩,ruler
莒,jǔ,莒,a place name
拘,jū,拘,"detain, capture"
居,jū,居,"reside, dwell"
疽,jū,疽,ulcer
掬,jū,掬,to scoop up
倦,juàn,倦,tired
狷,juàn,狷,proud
眷,juàn,眷,care
卷,juǎn,卷,"roll, volume"
捲,juǎn,卷,roll
娟,juān,娟,beautiful
捐,juān,捐,donate
涓,juān,涓,stream
抉,jué,抉,"select, pick"
覺,jué,觉,aware; feel; sense
孓,jué,孓,mosquito larva
決,jué,决,decide
倔,jué,倔,stubborn
崛,jué,崛,rise abruptly
掘,jué,掘,to dig
俊,jùn,俊,"""handsome"""
峻,jùn,峻,steep
郡,jùn,郡,district
均,jūn,均,"equal, even"
君,jūn,君,"ruler, gentleman"
軍,jūn,军,army
菌,jūn,菌,fungus
卡,kǎ,卡,"card, block"
咯,kǎ,咯,cough up
咖,kā,咖,a character for coffee's transliteration
啡,fēi,啡,a character for coffee's transliteration
咖,gā,咖,a character for curry's transliteration
開,kāi,开,open
看,kàn,看,"look, see"
坎,kǎn,坎,"pit, depression"
侃,kǎn,侃,"frank, talkative"
砍,kǎn,砍,chop
崁,kǎn,崁,(Hokkien) embankment
刊,kān,刊,"publication, print"
勘,kān,勘,investigate
扛,káng,扛,to carry on shoulder
抗,kàng,抗,"resist, oppose"
伉,kàng,伉,equal; spouse
康,kāng,康,healthy
考,kǎo,考,"totest, examine"
拷,kǎo,拷,torture
烤,kǎo,烤,roast
咳,ké,咳,cough
刻,kè,刻,"carve, moment"
克,kè,克,to overcome
剋,kè,剋,overcome
客,kè,客,guest
恪,kè,恪,strict
可,kě,可,"can, may"
渴,kě,渴,thirsty
科,kē,科,science; subject
坷,kē,坷,clod of earth
柯,kē,柯,tree branch
苛,kē,苛,harsh
啃,kěn,啃,gnaw
坑,kēng,坑,"pit, hole"
控,kòng,控,to control
孔,kǒng,孔,hole
倥,kǒng,倥,hurry
恐,kǒng,恐,fear
空,kōng,空,empty; sky
崆,kōng,崆,mountain peak
扣,kòu,扣,"tofasten, deduct"
叩,kòu,叩,to knock
寇,kòu,寇,bandit
口,kǒu,口,mouth
褲,kù,裤,pants
庫,kù,庫,warehouse
苦,kǔ,苦,bitter
哭,kū,哭,cry
枯,kū,枯,withered
垮,kuǎ,垮,collapse
夸,kuā,夸,to boast
快,kuài,快,fast; happy
狂,kuáng,狂,"mad, crazy"
框,kuàng,框,frame
眶,kuàng,眶,eye socket
匡,kuāng,匡,"tocorrect, assist"
奎,kuí,奎,a star
盔,kuī,盔,helmet
困,kùn,困,"tired, trapped"
捆,kǔn,捆,tie
梱,kǔn,梱,to bundle
坤,kūn,坤,"earth, female"
昆,kūn,昆,elder brother
崑,kūn,崑,a mountain name
括,kuò,括,include
啦,la,啦,particle
剌,là,剌,prick
垃,lā,垃,trash
拉,lā,拉,to pull
來,lái,来,come
萊,lái,莱,weed
藍,lán,蓝,blue
婪,lán,婪,greedy
狼,láng,狼,wolf
郎,láng,郎,young man
琅,láng,琅,a kind of clear jade
浪,làng,浪,wave
莨,làng,莨,creeping plant
朗,lǎng,朗,bright
牢,láo,牢,"firm, prison"
佬,lǎo,佬,"guy, fellow"
老,lǎo,老,old
姥,lǎo,姥,grandmother
樂,lè,乐,happiness
勒,lè,勒,tighten
雷,léi,雷,thunder
累,lèi,累,tired
肋,lèi,肋,rib
淚,lèi,淚,tear
耒,lěi,耒,plow
冷,lěng,冷,cold
狸,lí,狸,raccoon
梨,lí,梨,pear
犁,lí,犁,plow
琍,lí,琍,a type of jade
例,lì,例,"example, case"
戾,lì,戾,"perverse, criminal"
力,lì,力,"strength, power"
利,lì,利,"benefit, profit"
立,lì,立,stand
吏,lì,吏,government official
俐,lì,俐,clever
娌,lì,娌,younger sister
栗,lì,栗,chestnut
荔,lì,荔,lychee
唳,lì,唳,scream
笠,lì,笠,bamboo hat
粒,lì,粒,grain
莉,lì,莉,jasmine
李,lǐ,李,plum; a surname
里,lǐ,里,village
裏,lǐ,里,inside
禮,lǐ,礼,"etiquette; ritual, ceremony"
俚,lǐ,俚,slang
哩,lǐ,哩,(unit of measurement)
浬,lǐ,浬,nautical mile
理,lǐ,理,reason
帘,lián,帘,curtain
良,liáng,良,"good, virtuous"
涼,liáng,凉,"cool, cold"
梁,liáng,梁,beam
亮,liàng,亮,bright
兩,liǎng,两,"two, both"
倆,liǎng,倆,two (colloquial)
聊,liáo,聊,to chat
料,liào,料,material
了,liǎo/le,了,"""to finish; particle for completed action"""
劣,liè,劣,"inferior, bad"
列,liè,列,"row, rank"
冽,liè,冽,chilly
洌,liè,洌,clear
烈,liè,烈,intense
捩,liè,捩,to twist
林,lín,林,forest
淋,lín,淋,drench
吝,lìn,吝,stingy
拎,līn,拎,to carry (in hand)
伶,líng,伶,"clever, actor"
靈,líng,灵,spirit/soul
玲,líng,玲,exquisite
苓,líng,苓,a type of herb
凌,líng,凌,ascend
羚,líng,羚,antelope
翎,líng,翎,feather
聆,líng,聆,to listen
菱,líng,菱,water chestnut
另,lìng,另,"other, another"
令,lìng,令,"order, command"
領,lǐng,领,"collar, lead"
流,liú,流,flow
琉,liú,琉,glass
留,liú,留,stay
硫,liú,硫,sulfur
六,liù,六,six
柳,liǔ,柳,willow
咯,lo,咯,exclamation
龍,lóng,龙,dragon
婁,lóu,婁,surname
陋,lòu,陋,poor
陸,lù,陆,land
路,lù,路,road
綠,lǜ,绿,green
律,lǜ,律,law
呂,lǚ,吕,surname Lü
侶,lǚ,侶,companion
旅,lǚ,旅,travel
卵,luǎn,卵,egg
掠,lüè,掠,to plunder
略,lüè,略,strategy
侖,lún,仑,logical order
倫,lún,倫,ethics
崙,lún,崙,surname
掄,lún,掄,to move
淪,lún,沦,sink
論,lùn,论,discuss
洛,luò,洛,Luoyang (ancient capital)
烙,luò,烙,burn
馬,mǎ,马,horse
妈,mā,妈,mom
埋,mái,埋,bury
賣,mài,卖,sell
脈,mài,脈,pulse
買,mǎi,买,buy
慢,màn,慢,slow
曼,màn,曼,graceful
滿,mǎn,满,full
芒,máng,芒,"awn, bladeofgrass"
忙,máng,忙,busy
茫,máng,茫,vast
莽,mǎng,莽,reckless
毛,máo,毛,"hair, fur"
矛,máo,矛,spear
茅,máo,茅,thatch
帽,mào,帽,hat
冒,mào,冒,"""risk; brave"""
茂,mào,茂,luxuriant
卯,mǎo,卯,fourth (of earthly branch)
貓,māo,猫,cat
么,me,么,suffix for pronouns/adjectives
沒,méi,没,"not, disappear"
枚,méi,枚,a measure word
眉,méi,眉,eyebrow
梅,méi,梅,plum
莓,méi,莓,berry
妹,mèi,妹,younger sister
昧,mèi,昧,ignorance
袂,mèi,袂,sleeve
每,měi,每,every
美,měi,美,beautiful
們,men,们,plural suffix
們,men,們,plural marker (people)
門,mén,门,door
捫,mén,捫,to feel
萌,méng,萌,sprout
孟,mèng,孟,"first, eldest"
夢,mèng,梦,dream
猛,měng,猛,fierce
迷,mí,迷,lost
祕,mì,秘,secret
糸,mì,糸,"silk, thread"
汨,mì,汨,Mi River
密,mì,密,secret
米,mǐ,米,rice
弭,mǐ,弭,calm down
咪,mī,咪,meow
眠,mián,眠,sleep
麵,miàn,面,"flour, noodles"
面,miàn,面,"face; surface, cover"
免,miǎn,免,"exempt, avoid"
勉,miǎn,勉,strive
娩,miǎn,娩,deliver (a baby)
冕,miǎn,冕,crown
苗,miáo,苗,seedling
廟,miào,庙,temple
妙,miào,妙,wonderful
秒,miǎo,秒,second (time)
民,mín,民,people
岷,mín,岷,Min River (China)
抿,mǐn,抿,"tosip, presslips"
皿,mǐn,皿,dish
敏,mǐn,敏,quick
名,míng,名,"name, fame"
鳴,míng,鸣,"chirp, sound"
明,míng,明,"bright, clear; tomorrow"
冥,míng,冥,dark
茗,míng,茗,tea
命,mìng,命,"fate, life"
末,mò,末,"end, tip"
墨,mò,墨,ink
茉,mò,茉,jasmine
陌,mò,陌,unfamiliar
秣,mò,秣,fodder
莫,mò,莫,do not
抹,mǒ,抹,"wipe, smear"
眸,móu,眸,pupil (eye)
某,mǒu,某,certain
木,mù,木,wood
目,mù,目,eye
沐,mù,沐,to bathe
苜,mù,苜,alfalfa
母,mǔ,母,mother
牡,mǔ,牡,male (animals)
姆,mǔ,姆,governess
拇,mǔ,拇,thumb
畝,mǔ,畝,acre
拿,ná,拿,"hold, take"
那,nà,那,that
吶,nà,吶,stammer
娜,nà,娜,graceful
納,nà,納,accept
哪,nǎ,哪,which
奈,nài,奈,endure
耐,nài,耐,endure
萘,nài,萘,naphthalene
乃,nǎi,乃,"thus, therefore"
奶,nǎi,奶,"grandmother (paternal), milk"
迺,nǎi,迺,thus
南,nán,南,south
難,nán,难,difficult
男,nán,男,male
呶,náo,呶,chatter
腦,nǎo,脑,brain
呢,ne,呢,question particle
內,nèi,内,inside
能,néng,能,"able, can; energy"
尼,ní,尼,"nun, Buddhist"
倪,ní,倪,a surname
逆,nì,逆,reverse
匿,nì,匿,hide
你,nǐ,你,you
妳,nǐ,你,you (female)
旎,nǐ,旎,beautiful
妮,nī,妮,girl
年,nián,年,year
念,niàn,念,"think, read"
廿,niàn,廿,twenty
唸,niàn,唸,read aloud
捻,niǎn,捻,to pinch
拈,niān,拈,"pinch, pick"
娘,niáng,娘,mother
尿,niào,尿,urine
鳥,niǎo,鸟,bird
臬,niè,臬,judgment
捏,niē,捏,pinch
您,nín,您,(honorific) you
佞,nìng,佞,flattery
牛,niú,牛,cow
扭,niǔ,扭,twist
紐,niǔ,紐,knot
妞,niū,妞,girl
弄,nòng,弄,do; play with
奴,nú,奴,slave
怒,nù,怒,anger
苧,nù,苧,hemp
努,nǔ,努,to exert effort
弩,nǔ,弩,crossbow
女,nǚ,女,"female, woman"
暖,nuǎn,暖,warm
虐,nüè,虐,abuse
挪,nuó,挪,move
哦,ó,哦,"exclamation (question), oh"
哦,ò,哦,"exclamation (realization), oh"
喔,ō,喔,"exclamation (realization), oh"
噢,ō,噢,"exclamation (realization), oh"
偶,ǒu,偶,occasionally
扒,pá,扒,"dig, climb"
爬,pá,爬,"crawl, climb"
杷,pá,杷,rake
帕,pà,帕,"scarf, turban"
怕,pà,怕,afraid
趴,pā,趴,lie down
啪,pā,啪,slap
俳,pái,俳,actor
徘,pái,徘,hesitate
排,pái,排,to arrange
派,pài,派,faction
拍,pāi,拍,"clap, pat"
判,pàn,判,"judge, decide"
拚,pàn,拚,to struggle
叛,pàn,叛,rebel
盼,pàn,盼,hope
畔,pàn,畔,shore
彷,páng,彷,resemble
旁,páng,旁,side
胖,pàng,胖,fat
乓,pāng,乓,an onomatopoeic word (sound of clashing)
咆,páo,咆,"roar, bellow"
刨,páo,刨,"toplane, dig"
庖,páo,庖,kitchen
匏,páo,匏,gourd
炮,pào,炮,cannon
皰,pào,皰,blister
跑,pǎo,跑,run
拋,pāo,抛,throw; abandon
賠,péi,赔,compensate
培,péi,培,cultivate
配,pèi,配,match
沛,pèi,沛,abundant
佩,pèi,佩,wear; admire
珮,pèi,珮,pendant
呸,pēi,呸,an onomatopoeic word; spit (out of disgust)
胚,pēi,胚,embryo
盆,pén,盆,basin
朋,péng,朋,friend
捧,pěng,捧,to hold up
抨,pēng,抨,to criticize
砰,pēng,砰,bang
烹,pēng,烹,cook
皮,pí,皮,skin
枇,pí,枇,loquat tree
毗,pí,毗,close
疲,pí,疲,tired
啤,pí,啤,beer
埤,pí,埤,embankment
屁,pì,屁,fart
疋,pǐ,疋,"rollofcloth, foot"
匹,pǐ,匹,"""match; measure word (for horses)"""
仳,pǐ,仳,separate
批,pī,批,"tocriticize, batch"
披,pī,披,"drapeover, expose"
丕,pī,丕,"great, grand"
紕,pī,紕,mistake
便,pián,便,cheap
片,piàn,片,"slice, piece"
偏,piān,偏,biased
票,piào,票,ticket
品,pǐn,品,product
拼,pīn,拼,piece together; spell; go all out
姘,pīn,姘,mistress
坪,píng,坪,"plain, flatland"
平,píng,平,flat; peaceful
蘋,píng,苹,apple
屏,píng,屏,screen
瓶,píng,瓶,bottle
乒,pīng,乒,sound of clashing
婆,pó,婆,old woman
珀,pò,珀,amber
迫,pò,迫,urge
破,pò,破,break
叵,pǒ,叵,"cannot, unlikely"
坡,pō,坡,slope
剖,pōu,剖,dissect
仆,pú,仆,servant
匍,pú,匍,crawl
菩,pú,菩,bodhi
朴,pǔ,朴,"simple, plain"
圃,pǔ,圃,garden
埔,pǔ,埔,field
浦,pǔ,浦,shore
奇,qí,奇,"strange, rare"
騎,qí,骑,ride (a horse)
岐,qí,岐,bifurcation
其,qí,其,it; its; that
祈,qí,祈,pray
祇,qí,祇,only
耆,qí,耆,elderly
崎,qí,崎,rocky
淇,qí,淇,river name
畦,qí,畦,field
契,qì,契,"contract, agreement"
汽,qì,汽,"steam, vapor"
迄,qì,迄,until
砌,qì,砌,build (with stones)
氣,qì,气,air
訖,qì,讫,end
棄,qì,弃,abandon
企,qǐ,企,stand on tiptoe; enterprise
杞,qǐ,杞,a surname
起,qǐ,起,rise
乞,qǐ,乞,beg
豈,qǐ,岂,how
啟,qǐ,启,start
七,qī,七,seven
妻,qī,妻,wife
悽,qī,悽,sad
戚,qī,戚,sadness
淒,qī,淒,desolate
萋,qī,萋,lush
恰,qià,恰,just right
洽,qià,洽,satisfy
前,qián,前,"before, front"
錢,qián,钱,money
乾,qián,乾,heaven; male
虔,qián,虔,devout
欠,qiàn,欠,"toowe, lack"
倩,qiàn,倩,beautiful
淺,qiǎn,淺,shallow
牽,qiān,牵,"lead, pull"
千,qiān,千,thousand
仟,qiān,仟,thousand
阡,qiān,阡,path between fields
強,qiáng,强,strong
墻,qiáng,墙,wall
強,qiǎng,强,force
戕,qiāng,戕,to kill
橋,qiáo,桥,bridge
俏,qiào,俏,"pretty, chic"
峭,qiào,峭,steep
巧,qiǎo,巧,skillful; coincidental
悄,qiǎo,悄,quiet
伽,qié,伽,yoga (loanword)
茄,qié,茄,eggplant
切,qiè,切,"must; close to; urgent, eager"
妾,qiè,妾,concubine
怯,qiè,怯,timid
挈,qiè,挈,carry
且,qiě,且,"moreover, temporary"
切,qiē,切,cut
秦,qín,秦,"an ancient state and dynasty name, Qin"
沁,qìn,沁,"seep, soak"
親,qīn,亲,"parent; relative; close, dear"
侵,qīn,侵,invade
晴,qíng,晴,"clear, sunny"
情,qíng,情,emotion
慶,qìng,庆,celebrate
請,qǐng,请,"please, invite"
輕,qīng,轻,light (weight)
清,qīng,清,clear
青,qīng,青,"blue, green"
卿,qīng,卿,noble
氫,qīng,氢,hydrogen
囚,qiú,囚,prisoner
求,qiú,求,to request
酋,qiú,酋,chieftain
球,qiú,球,ball
秋,qiū,秋,autumn
丘,qiū,丘,hill
劬,qú,劬,toil
去,qù,去,go
取,qǔ,取,"take, obtain"
娶,qǔ,娶,marry
曲,qū,曲,"tune, bend"
屈,qū,屈,"tobend, yield"
區,qū,區,area
全,quán,全,"whole, entire; complete"
泉,quán,泉,spring
拳,quán,拳,fist
痊,quán,痊,heal
勸,quàn,劝,"urge, persuade"
券,quàn,券,"ticket, bond"
犬,quǎn,犬,dog
圈,quān,圈,circle
卻,què,卻,"however, but"
缺,quē,缺,lack
裙,qún,裙,skirt
然,rán,然,"so, thus; correct"
冉,rǎn,冉,gradually
染,rǎn,染,dye
苒,rǎn,苒,lush
讓,ràng,让,"let, allow"
熱,rè,热,hot
仁,rén,仁,"kindness, benevolence"
人,rén,人,human; person
壬,rén,壬,ninth (of heavenly stem)
,,,
刃,rèn,刃,"blade, edge"
任,rèn,任,assign; responsibility
認,rèn,认,recognize
仞,rèn,仞,unit of measure (8 feet)
妊,rèn,妊,pregnancy
紉,rèn,紉,sew
軔,rèn,軔,carriage
忍,rěn,忍,endure
荏,rěn,荏,soft
仍,réng,仍,"still, yet"
扔,rēng,扔,to throw
日,rì,日,sun; day
戎,róng,戎,military
容,róng,容,appearance
茸,róng,茸,soft
冗,rǒng,冗,redundant
柔,róu,柔,soft
肉,ròu,肉,meat
如,rú,如,"as, like"
茹,rú,茹,eat
入,rù,入,to enter
汝,rǔ,汝,"thou, you"
乳,rǔ,乳,"""milk; breast"""
辱,rǔ,辱,disgrace
軟,ruǎn,软,soft
若,ruò,若,if; seem
弱,ruò,弱,weak
偌,ruò,偌,as if
卅,sà,卅,thirty
賽,sài,赛,contest
三,sān,三,three
桑,sāng,桑,mulberry
掃,sǎo,掃,to sweep
色,sè,色,"color, lust"
森,sēn,森,forest
鯊,shā,鲨,shark
沙,shā,沙,sand
剎,shā,剎,"""moment; temple"""
砂,shā,砂,sand
紗,shā,紗,gauze
殺,shā,杀,to kill
莎,shā,莎,sedge grass
晒,shài,晒,sun
善,shàn,善,good
汕,shàn,汕,Shantou
扇,shàn,扇,fan
訕,shàn,訕,mock
閃,shǎn,閃,flash
陝,shǎn,陝,Shaanxi province
山,shān,山,mountain
刪,shān,删,delete
杉,shān,杉,fir tree
姍,shān,姍,graceful
珊,shān,珊,coral
舢,shān,舢,sailboat
衫,shān,衫,shirt
尚,shàng,尚,"still, esteem"
上,shàng,上,up; on
賞,shǎng,赏,reward
晌,shǎng,晌,midday
商,shāng,商,commerce; business
芍,sháo,芍,peony
少,shào,少,young
紹,shào,绍,carry forward; introduce
哨,shào,哨,whistle
少,shǎo,少,"few, little"
捎,shāo,捎,bring
梢,shāo,梢,tip
蛇,shé,蛇,snake
舌,shé,舌,tongue
設,shè,设,set up
射,shè,射,shoot
涉,shè,涉,involve
捨,shě,舍,abandon
奢,shē,奢,luxury
誰,shéi,谁,who
什,shén,什,what
神,shén,神,"god, divine"
甚,shèn,甚,very
瀋,shěn,沈,a surname
哂,shěn,哂,smile
伸,shēn,伸,"tostretch, extend"
申,shēn,申,"extend, ninth (of earthly branch)"
身,shēn,身,body
呻,shēn,呻,to groan
娠,shēn,娠,pregnant
砷,shēn,砷,arsenic
深,shēn,深,deep
紳,shēn,紳,gentry
莘,shēn,莘,many
勝,shèng,胜,victory
盛,shèng,盛,prosperous
省,shěng,省,province
生,shēng,生,grow; life; student
升,shēng,升,rise
牲,shēng,牲,sacrifice
笙,shēng,笙,a musical instrument
石,shí,石,stone
時,shí,时,time; hour
十,shí,十,ten
食,shí,食,food
拾,shí,拾,pick up
侍,shì,侍,"serve, attend"
氏,shì,氏,"clan, familyname"
式,shì,式,"style, formula"
世,shì,世,world; generation
事,shì,事,"affair, matter"
仕,shì,仕,"serve, official"
是,shì,是,"is, are; correct"
市,shì,市,market; city
試,shì,试,"test, try"
適,shì,适,suitable
士,shì,士,"""scholar; soldier"""
示,shì,示,show
室,shì,室,room
恃,shì,恃,rely on
拭,shì,拭,wipe
柿,shì,柿,persimmon
舐,shì,舐,lick
始,shǐ,始,begin
使,shǐ,使,use; envoy
史,shǐ,史,history
矢,shǐ,矢,arrow
豕,shǐ,豕,pig
屎,shǐ,屎,feces
失,shī,失,"lose, miss"
濕,shī,湿,wet
獅,shī,狮,lion
詩,shī,诗,poem
師,shī,师,teacher
屍,shī,尸,corpse
施,shī,施,apply
受,shòu,受,receive
狩,shòu,狩,hunt
售,shòu,售,sell
授,shòu,授,grant
守,shǒu,守,"guard, defend"
手,shǒu,手,hand
首,shǒu,首,head
收,shōu,收,"toreceive, collect"
孰,shú,孰,who (formal)
束,shù,束,"bundle, bind"
朮,shù,朮,"art, technique"
樹,shù,树,tree
數,shù,数,number
戍,shù,戍,guard
述,shù,述,narrate
恕,shù,恕,forgive
倏,shù,倏,suddenly
庶,shù,庶,common
數,shǔ,数,"count, calculate"
書,shū,书,book
叔,shū,叔,uncle
抒,shū,抒,to express
梳,shū,梳,comb
殊,shū,殊,special
淑,shū,淑,virtuous
疏,shū,疏,sparse
菽,shū,菽,beans
耍,shuǎ,耍,play
刷,shuā,刷,"brush, print"
帥,shuài,帥,"handsome, commander"
率,shuài,率,lead (an army)
甩,shuǎi,甩,"tothrow, swing"
衰,shuāi,衰,decline
涮,shuàn,涮,rinse
拴,shuān,拴,tie
閂,shuān,閂,bolt
栓,shuān,栓,plug
爽,shuǎng,爽,refreshing
雙,shuāng,双,"double, pair"
睡,shuì,睡,sleep
稅,shuì,税,tax
水,shuǐ,水,water
吮,shǔn,吮,to suck
妁,shuò,妁,matchmaker
朔,shuò,朔,first day of the month
說,shuō,说,"say, speak"
伺,sì,伺,wait; spy
四,sì,四,four
巳,sì,巳,sixth (of earthly branch)
寺,sì,寺,temple
似,sì,似,to resemble
兕,sì,兕,female rhinoceros
姒,sì,姒,husband's sister
俟,sì,俟,wait
耜,sì,耜,plowshare
死,sǐ,死,death
司,sī,司,"manage, department"
私,sī,私,"private, selfish"
思,sī,思,think
送,sòng,送,"deliver, send"
宋,sòng,宋,Song dynasty
悚,sǒng,悚,scared
松,sōng,松,pine tree
淞,sōng,淞,frost
叟,sǒu,叟,old man
俗,sú,俗,custom; common
夙,sù,夙,"early, long-standing"
素,sù,素,plain
宿,sù,宿,lodging
算,suàn,算,"count, calculate"
酸,suān,酸,sour
祟,suì,祟,evil spirit
雖,suī,虽,although
孫,sūn,孫,grandson
所,suǒ,所,"place; so, therefore"
索,suǒ,索,search
唆,suō,唆,incite
娑,suō,娑,graceful
梭,suō,梭,shuttle
她,tā,她,"she, her"
他,tā,他,"he, him"
它,tā,它,it
牠,tā,牠,it (for animals)
抬,tái,抬,"lift, carry"
臺,tái,台,"platform, stage"
苔,tái,苔,moss
太,tài,太,"too, extremely"
汰,tài,汰,eliminate
泰,tài,泰,peace
胎,tāi,胎,fetus
炭,tàn,炭,charcoal
探,tàn,探,explore
坦,tǎn,坦,"flat, open"
坍,tān,坍,collapse
帑,táng,帑,treasury
唐,táng,唐,"name of a dynasty, Tang"
堂,táng,堂,hall
躺,tǎng,躺,lie down
倘,tǎng,倘,if
淌,tǎng,淌,to flow
桃,táo,桃,peach
逃,táo,逃,escape
啕,táo,啕,cry
淘,táo,淘,wash
萄,táo,萄,grape
套,tào,套,set
討,tǎo,討,discuss
叨,tāo,叨,talkative
掏,tāo,掏,to scoop
特,tè,特,special
疼,téng,疼,pain
提,tí,提,raise
剃,tì,剃,shave
剔,tì,剔,pick
悌,tì,悌,respect
涕,tì,涕,tears
屜,tì,屜,drawer
惕,tì,惕,cautious
體,tǐ,体,body
梯,tī,梯,ladder
田,tián,田,field
甜,tián,甜,sweet
恬,tián,恬,peaceful
忝,tiǎn,忝,disgrace
天,tiān,天,"sky, heaven; day"
添,tiān,添,add
迢,tiáo,迢,long distance
條,tiáo,條,strip
跳,tiào,跳,jump
眺,tiào,眺,to look far
窕,tiǎo,窕,graceful
佻,tiāo,佻,frivolous
挑,tiāo,挑,choose
帖,tiè,帖,"post, invitation"
鐵,tiě,铁,iron
廷,tíng,廷,"court, hall"
停,tíng,停,stop
亭,tíng,亭,pavilion
庭,tíng,庭,courtyard
挺,tǐng,挺,straighten
梃,tǐng,梃,handle
聽,tīng,听,listen
汀,tīng,汀,sandbar
同,tóng,同,"same, together"
彤,tóng,彤,"red, vermilion"
銅,tóng,铜,copper
桐,tóng,桐,tung tree
痛,tòng,痛,pain
桶,tǒng,桶,barrel
統,tǒng,統,system
投,tóu,投,"tothrow, invest"
頭,tóu,头,head
偷,tōu,偷,steal
圖,tú,图,"picture, map"
徒,tú,徒,disciple
屠,tú,屠,slaughter
荼,tú,荼,bitter vegetable
兔,tù,兔,rabbit
土,tǔ,土,earth; soil
吐,tǔ,吐,spit; vomit
凸,tū,凸,convex
禿,tū,秃,bald
突,tū,突,sudden
退,tuì,退,"retreat, withdraw"
推,tuī,推,push
囤,tún,囤,store up
屯,tún,屯,stockpile
吞,tūn,吞,swallow
佗,tuó,佗,"other, graceful"
拓,tuò,拓,"expand, develop"
妥,tuǒ,妥,appropriate
托,tuō,托,"tohold, entrust"
拖,tuō,拖,drag; delay
脫,tuō,脫,take off
託,tuō,讬,entrust
娃,wá,娃,baby
瓦,wǎ,瓦,tile
哇,wā,哇,"exclamation (surprise), wow"
挖,wā,挖,dig
外,wài,外,outside
歪,wāi,歪,crooked
完,wán,完,"end, complete"
丸,wán,丸,pill; small round object
萬,wàn,万,ten thousand
宛,wǎn,宛,"graceful, like"
晚,wǎn,晚,late; evening
挽,wǎn,挽,pull
婉,wǎn,婉,graceful
惋,wǎn,惋,feel sorry
菀,wǎn,菀,lush
彎,wān,弯,curved
剜,wān,剜,gouge
亡,wáng,亡,"todie, disappear"
王,wáng,王,king
妄,wàng,妄,"reckless, absurd"
忘,wàng,忘,forget
旺,wàng,旺,prosperous
望,wàng,望,"look afar, gaze; expect, hooe"
往,wǎng,往,"toward, past"
網,wǎng,网,net; network
枉,wǎng,枉,in vain
惘,wǎng,惘,lost
汪,wāng,汪,(water) deep and vast; a surname
為,wéi,为,as
韋,wéi,韋,leather
桅,wéi,桅,mast
唯,wéi,唯,only
帷,wéi,帷,curtain
惟,wéi,惟,only
位,wèi,位,"position, seat"
為,wèi,为,for
未,wèi,未,not yet
味,wèi,味,taste
畏,wèi,畏,fear
胃,wèi,胃,stomach
偽,wèi,偽,FALSE
尉,wèi,尉,military officer
尾,wěi,尾,tail
委,wěi,委,to entrust
娓,wěi,娓,narrate
偺,wěi,偺,imitation
偉,wěi,偉,great
萎,wěi,萎,wither
危,wēi,危,"danger, high"
威,wēi,威,power
偎,wēi,偎,snuggle
文,wén,文,"writing, literature; culture"
紋,wén,紋,pattern
蚊,wén,蚊,mosquito
問,wèn,问,ask
刎,wěn,刎,cut the throat
吻,wěn,吻,kiss
紊,wěn,紊,disorderly
溫,wēn,温,warm
翁,wēng,翁,old man
沃,wò,沃,fertile
我,wǒ,我,"I, me"
喔,wō,喔,"an onomatopoeic word (crowing of a cock), crow"
倭,wō,倭,Japan
吾,wú,吾,"I, me"
毋,wú,毋,do not
吳,wú,吴,a surname
唔,wú,唔,an onomatopoeic word
梧,wú,梧,a type of tree
兀,wù,兀,"protruding, sudden"
物,wù,物,"thing, object"
勿,wù,勿,do not
戊,wù,戊,fifth (of heavenly stem)
悟,wù,悟,realize
務,wù,務,duty
晤,wù,晤,to meet
伍,wǔ,伍,"group of five, squad"
舞,wǔ,舞,dance
午,wǔ,午,noon
五,wǔ,五,five
侮,wǔ,侮,insult
捂,wǔ,捂,cover
巫,wū,巫,"shaman, witch"
屋,wū,屋,house
圬,wū,圬,plaster
烏,wū,烏,crow
习,xí,习,practice
席,xí,席,seat
習,xí,習,to practice
系,xì,系,"system, department"
細,xì,细,thin; fine
係,xì,係,system
喜,xǐ,喜,joy
洗,xǐ,洗,wash
徙,xǐ,徙,migrate
希,xī,希,"rare, hope"
西,xī,西,west
夕,xī,夕,evening
兮,xī,兮,exclamatory particle
汐,xī,汐,evening tide
吸,xī,吸,to inhale
昔,xī,昔,past
析,xī,析,analyze
奚,xī,奚,(archaic) why; a surname
息,xī,息,breath
悉,xī,悉,all
惜,xī,惜,cherish
淅,xī,淅,drizzle
匣,xiá,匣,small box
俠,xiá,俠,a chivalrous man
峽,xiá,峽,gorge
狹,xiá,狭,narrow
下,xià,下,"down, below"
嚇,xià,吓,"intimidate, frighten"
夏,xià,夏,summer
呷,xiā,呷,"sip, slurp"
弦,xián,弦,"string, chord"
鹹,xián,咸,salty
咸,xián,咸,all
啣,xián,啣,bite
涎,xián,涎,saliva
絃,xián,絃,string
舷,xián,舷,"""ship's side"""
線,xiàn,线,line
限,xiàn,限,limit
現,xiàn,現,present
先,xiān,先,first; before
仙,xiān,仙,immortal
祆,xiān,祆,Zoroastrianism
掀,xiān,掀,to lift
庠,xiáng,庠,school
祥,xiáng,祥,auspicious
向,xiàng,向,"towards, direction"
象,xiàng,象,elephant
巷,xiàng,巷,alley
想,xiǎng,想,want; think
享,xiǎng,享,enjoy
鄉,xiāng,乡,countryside
香,xiāng,香,fragrant
相,xiāng,相,each other
淆,xiáo,淆,confuse
肖,xiào,肖,"resemble, portrait"
笑,xiào,笑,"laugh, smile"
校,xiào,校,school
孝,xiào,孝,filial piety
哮,xiào,哮,howl
效,xiào,效,effect
小,xiǎo,小,small
宵,xiāo,宵,evening
消,xiāo,消,vanish
梟,xiāo,枭,owl
邪,xié,邪,"evil, crooked"
鞋,xié,鞋,shoes
斜,xié,斜,slanted
協,xié,协,cooperate
挾,xié,挾,hold
脅,xié,脅,threaten
偕,xié,偕,together
謝,xiè,谢,thank
卸,xiè,卸,unload
屑,xiè,屑,crumbs
械,xiè,械,tool
寫,xiě,写,write
血,xiě,血,blood
些,xiē,些,"some, afew"
信,xìn,信,trust; letter
辛,xīn,辛,"bitter, spicy"
新,xīn,新,new
心,xīn,心,heart
形,xíng,形,"shape, form"
型,xíng,型,"model, shape"
行,xíng,行,"wark; okay, alright"
刑,xíng,刑,punishment
邢,xíng,邢,a surname
姓,xìng,姓,"surname, familyname"
性,xìng,性,nature; sex
杏,xìng,杏,apricot
幸,xìng,幸,fortunate
倖,xìng,倖,fortunate
悻,xìng,悻,resentful
醒,xǐng,醒,wake; conscious
省,xǐng,省,"reflect, consider; visit"
星,xīng,星,star
熊,xióng,熊,bear
匈,xiōng,匈,"chest, Hungary"
兇,xiōng,凶,"fierce, terrible"
兄,xiōng,兄,elder brother
洶,xiōng,洶,turbulent
胸,xiōng,胸,chest
秀,xiù,秀,"elegant, outstanding"
岫,xiù,岫,"cave, peak"
朽,xiǔ,朽,decay
休,xiū,休,"rest, stop"
咻,xiū,咻,whistling sound
修,xiū,修,repair
羞,xiū,羞,ashamed
脩,xiū,脩,dried meat
徐,xú,徐,slow
序,xù,序,"order, preface"
恤,xù,恤,pity
畜,xù,畜,raise (domestic animals)
敘,xù,敘,narrate
勗,xù,勗,encourage
旭,xù,旭,rising sun
栩,xǔ,栩,a surname
吁,xū,吁,"tosigh, callout"
須,xū,须,"must, need"
戌,xū,戌,eleventh (of earthly branch)
胥,xū,胥,assistant
玄,xuán,玄,mysterious
旋,xuán,旋,rotate
炫,xuàn,炫,dazzling
眩,xuàn,眩,dizzy
宣,xuān,宣,proclaim
軒,xuān,軒,pavilion
學,xué,学,learn
穴,xué,穴,cave
血,xuè,血,blood
雪,xuě,雪,snow
削,xuē,削,"cut, peel"
,,,
巡,xún,巡,"patrol, tour"
旬,xún,旬,ten-day period
荀,xún,荀,a surname
迅,xùn,迅,"fast, rapid"
訓,xùn,训,"teach, instruct"
訊,xùn,讯,"news, message"
徇,xùn,徇,follow
殉,xùn,殉,martyrdom
浚,xùn,浚,dredge
牙,yá,牙,tooth
崖,yá,崖,cliff
涯,yá,涯,shore
琊,yá,琊,an ancient city name
亞,yà,亚,inferior; second; (short of) Asia
啞,yǎ,啞,mute
丫,yā,丫,forked
呀,yā,呀,"exclamation, ah"
押,yā,押,press; detain
岩,yán,岩,"rock, cliff"
延,yán,延,"extend, prolong"
言,yán,言,"words, speech"
研,yán,研,grind; research
妍,yán,妍,beautiful
咽,yàn,咽,swallow
彥,yàn,彥,outstanding person
唁,yàn,唁,condolences
宴,yàn,宴,feast
晏,yàn,晏,evening
眼,yǎn,眼,eye
奄,yǎn,奄,sudden
兗,yǎn,兗,state of Yan
衍,yǎn,衍,expand
偃,yǎn,偃,lie down
掩,yǎn,掩,"cover up; close, shut"
胭,yān,胭,rouge
淹,yān,淹,flood
焉,yān,焉,how
羊,yáng,羊,sheep; goat
陽,yáng,阳,sun
烊,yáng,烊,a surname
佯,yáng,佯,pretend
洋,yáng,洋,ocean
怏,yàng,怏,discontent
恙,yàng,恙,illness
仰,yǎng,仰,"tolookup, admire"
養,yǎng,养,raise (animals/children)
氧,yǎng,氧,oxygen
央,yāng,央,"center, beg"
殃,yāng,殃,disaster
秧,yāng,秧,seedling
爻,yáo,爻,lines of divination
姚,yáo,姚,a surname
要,yào,要,want
藥,yào,药,medicine
杳,yǎo,杳,remote
咬,yǎo,咬,bite
窈,yǎo,窈,deep
舀,yǎo,舀,scoop
妖,yāo,妖,"demon, enchanting"
吆,yāo,吆,"tocall, yell"
夭,yāo,夭,young; die young
爷,yé,爷,grandfather (paternal)
耶,yé,耶,exclamation (question)
業,yè,业,business
夜,yè,夜,night
曳,yè,曳,drag
頁,yè,頁,page
掖,yè,掖,push
液,yè,液,liquid
也,yě,也,also
冶,yě,冶,metallurgy
圯,yí,圯,"bridge, collapsed"
夷,yí,夷,"foreigner, level"
姨,yí,姨,"aunt, maternal aunt"
宜,yí,宜,suitable
怡,yí,怡,joyful
咦,yí,咦,exclamation (surprise)
胰,yí,胰,pancreas
移,yí,移,move
奕,yì,奕,"elegant, chess"
邑,yì,邑,"town, city"
刈,yì,刈,"mow, reap"
役,yì,役,"labor, service"
亦,yì,亦,"also, too"
意,yì,意,meaning; idea; consciousness
億,yì,亿,hundred million
義,yì,义,righteousness
藝,yì,艺,art
易,yì,易,easy; exchange
屹,yì,屹,towering
抑,yì,抑,restrain
佾,yì,佾,ceremonial dance
弈,yì,弈,chess
疫,yì,疫,epidemic
羿,yì,羿,a legendary person name
益,yì,益,benefit
異,yì,异,different
翌,yì,翌,next day
以,yǐ,以,"with, by means of"
迆,yǐ,迆,"winding, meandering"
已,yǐ,已,already
乙,yǐ,乙,second (of heavenly stem)
矣,yǐ,矣,(particle for completed action)
倚,yǐ,倚,lean
伊,yī,伊,"he, she"
醫,yī,医,"medicine, heal, doctor"
衣,yī,衣,clothes
一,yī,一,one
依,yī,依,rely on
銀,yín,银,silver
寅,yín,寅,third (of earthly branch)
吟,yín,吟,to chant
垠,yín,垠,boundary
淫,yín,淫,licentious
印,yìn,印,"stamp, seal"
胤,yìn,胤,descendant
引,yǐn,引,"lead, guide"
飲,yǐn,饮,drink
尹,yǐn,尹,governor
蚓,yǐn,蚓,earthworm
陰,yīn,阴,"shade, cloudy"
因,yīn,因,cause; because
音,yīn,音,sound
姻,yīn,姻,marriage
殷,yīn,殷,prosperous
氤,yīn,氤,diffusion
茵,yīn,茵,mat
盈,yíng,盈,full
硬,yìng,硬,hard
映,yìng,映,reflect
影,yǐng,影,shadow; image
應,yīng,应,should; respond
英,yīng,英,hero
用,yòng,用,use
甬,yǒng,甬,"passage, Ningbo(abbreviation)"
勇,yǒng,勇,brave
永,yǒng,永,forever
俑,yǒng,俑,clay figurine
恿,yǒng,恿,provoke
佣,yōng,佣,"servant, commission"
邕,yōng,邕,a place name
庸,yōng,庸,mediocre
由,yóu,由,"from, reason"
遊,yóu,游,travel; wander; play around
游,yóu,游,swim
尤,yóu,尤,outstanding
又,yòu,又,"again, also"
佑,yòu,佑,"bless, protect"
右,yòu,右,right (side)
幼,yòu,幼,young
宥,yòu,宥,forgive
柚,yòu,柚,pomelo
祐,yòu,祐,bless
友,yǒu,友,friend
有,yǒu,有,have
酉,yǒu,酉,tenth (of earthly branch)
莠,yǒu,莠,weed
幽,yōu,幽,"dark, secluded"
優,yōu,优,excellent
悠,yōu,悠,long time
妤,yú,妤,"elegant, fair"
余,yú,余,"surplus, I"
於,yú,于,"at, in"
魚,yú,鱼,fish
俞,yú,俞,respond; agree
竽,yú,竽,musical instrument
娛,yú,娛,amuse
育,yù,育,"tonurture, educate"
遇,yù,遇,encounter
玉,yù,玉,jade
聿,yù,聿,writing brush
芋,yù,芋,taro
郁,yù,郁,luxuriant
峪,yù,峪,valley
浴,yù,浴,bath
域,yù,域,region
御,yù,御,control
欲,yù,欲,desire
予,yǔ,予,"give, grant"
羽,yǔ,羽,"feather, wing"
語,yǔ,语,language
雨,yǔ,雨,rain
宇,yǔ,宇,universe
禹,yǔ,禹,legendary emperor
庾,yǔ,庾,surname
迂,yū,迂,roundabout
淤,yū,淤,silt
圓,yuán,圆,"round, circle"
元,yuán,元,"origin, yuan"
沅,yuán,沅,a river name
垣,yuán,垣,wall
爰,yuán,爰,so
原,yuán,原,origin
員,yuán,員,member
袁,yuán,袁,a surname
院,yuàn,院,"yard, courtyard"
怨,yuàn,怨,resentment
苑,yuàn,苑,garden
遠,yuǎn,远,far
冤,yuān,冤,injustice
淵,yuān,淵,abyss
月,yuè,月,moon; month
樂,yuè,乐,music
岳,yuè,岳,mountain
悅,yuè,悅,happy
曰,yuē,曰,say
約,yuē,约,agreement
唷,yuē,唷,exclamation (surprise)
勻,yún,匀,"even, uniform"
雲,yún,云,cloud
云,yún,云,say
昀,yún,昀,sunray
紜,yún,纭,numerous and disorderly
耘,yún,耘,weed
孕,yùn,孕,pregnant
允,yǔn,允,permit
砸,zá,砸,smash
咋,zǎ,咋,"why, how"
匝,zā,匝,"circle, enclose"
紮,zā,紮,bind
在,zài,在,"at, in"
再,zài,再,again; then
宰,zǎi,宰,govern
仔,zǎi,仔,young animal
災,zāi,灾,disaster
哉,zāi,哉,exclamation (confirmation)
栽,zāi,栽,plant
咱,zán,咱,we
皂,zào,皂,soap; black
灶,zào,灶,stove
早,zǎo,早,"early, morning"
蚤,zǎo,蚤,flea
則,zé,則,"rule, law;then;while(contrast)"
仄,zè,仄,slanting
怎,zěn,怎,how
增,zēng,增,increase
札,zhá,札,"note, writing"
乍,zhà,乍,suddenly
吒,zhà,吒,roaring sound
柵,zhà,柵,fence
炸,zhà,炸,explode
眨,zhǎ,眨,blink
扎,zhā,扎,tie
宅,zhái,宅,residence
窄,zhǎi,窄,narrow
占,zhàn,占,divine
佔,zhàn,占,"occupy, takeup"
站,zhàn,站,stand; station
戰,zhàn,战,"war, battle"
展,zhǎn,展,unfold
斬,zhǎn,斬,chop
仗,zhàng,仗,battle; rely on
杖,zhàng,杖,"cane, staff"
賬,zhàng,账,account
丈,zhàng,丈,"""ten feet (unit of measure); elder male"""
帳,zhàng,帐,tent
長,zhǎng,长,grow
章,zhāng,章,chapter
張,zhāng,张,stretch
兆,zhào,兆,omen; million
召,zhào,召,summon
找,zhǎo,找,look for
爪,zhǎo,爪,claw
招,zhāo,招,"recruit, beckon"
昭,zhāo,昭,bright
折,zhé,折,"tobreak, fold"
哲,zhé,哲,philosophy
這,zhè,这,this
浙,zhè,浙,a river name
圳,zhèn,圳,ditch
振,zhèn,振,shake
朕,zhèn,朕,I (imperial)
陣,zhèn,阵,formation
枕,zhěn,枕,pillow
疹,zhěn,疹,rash
真,zhēn,真,"real, true"
珍,zhēn,珍,treasure
貞,zhēn,貞,chaste
砧,zhēn,砧,anvil
針,zhēn,针,needle
偵,zhēn,侦,investigate
正,zhèng,正,straight; middle; regular; correct
證,zhèng,证,proof
政,zhèng,政,politics
症,zhèng,症,symptom
掙,zhèng,掙,struggle
拯,zhěng,拯,rescue
征,zhēng,征,"journey, campaign"
怔,zhēng,怔,startled
崢,zhēng,崢,steep
猙,zhēng,猙,ferocious
直,zhí,直,straight
職,zhí,职,job
姪,zhí,姪,nephew
值,zhí,值,value
執,zhí,執,hold
至,zhì,至,"to, arrive"
制,zhì,制,"control, restrict; system"
志,zhì,志,"will, ambition"
峙,zhì,峙,stand firm
致,zhì,致,send
秩,zhì,秩,order
痔,zhì,痔,hemorrhoid
窒,zhì,窒,obstructed
旨,zhǐ,旨,"purpose, decree"
址,zhǐ,址,"site, location"
指,zhǐ,指,finger; point to
紙,zhǐ,纸,paper
止,zhǐ,止,stop
只,zhǐ,只,only
咫,zhǐ,咫,a unit of length
祉,zhǐ,祉,blessing
汁,zhī,汁,"juice, sap"
支,zhī,支,"branch; support, sustain"
知,zhī,知,know
之,zhī,之,"a possessive particle, of"
卮,zhī,卮,goblet
吱,zhī,吱,squeak
枝,zhī,枝,branch
祗,zhī,祗,reverence
脂,zhī,脂,fat
隻,zhī,只,"only, single; measure word for small animals"
梔,zhī,梔,gardenia
重,zhòng,重,heavy
仲,zhòng,仲,second in a series
眾,zhòng,眾,crowd
種,zhǒng,种,"seed; kind, type"
冢,zhǒng,冢,tomb
中,zhōng,中,"middle, center"
鐘,zhōng,钟,bell; clock
終,zhōng,终,end
鍾,zhōng,钟,focus
忠,zhōng,忠,loyal
衷,zhōng,衷,"middle; inner feelings, soul, heart"
妯,zhóu,妯,wives of brothers
咒,zhòu,咒,"curse, spell"
宙,zhòu,宙,universe
冑,zhòu,冑,helmet
紂,zhòu,纣,name of a tyrant
胄,zhòu,胄,noble family
晝,zhòu,昼,daytime
肘,zhǒu,肘,elbow
帚,zhǒu,帚,broom
周,zhōu,周,"week, cycle"
州,zhōu,州,"state, province"
洲,zhōu,洲,islet in a river; continent
舟,zhōu,舟,boat
竹,zhú,竹,bamboo
住,zhù,住,"live, reside"
祝,zhù,祝,wish
佇,zhù,伫,stand still
助,zhù,助,help
柱,zhù,柱,pillar
主,zhǔ,主,"master, main"
拄,zhǔ,拄,lean on (a stick)
渚,zhǔ,渚,islet
豬,zhū,猪,pig
朱,zhū,朱,vermillion
侏,zhū,侏,dwarf
株,zhū,株,tree trunk
珠,zhū,珠,pearl
茱,zhū,茱,jujube
硃,zhū,硃,vermilion
抓,zhuā,抓,"grab, seize"
拽,zhuài,拽,drag
專,zhuān,专,specialized
壯,zhuàng,壮,"strong, robust"
妝,zhuāng,妆,makeup
莊,zhuāng,庄,village
追,zhuī,追,chase
准,zhǔn,准,standard
灼,zhuó,灼,burn; bright
卓,zhuó,卓,outstanding
斫,zhuó,斫,chop
茁,zhuó,茁,thrive
酌,zhuó,酌,pour
啄,zhuó,啄,peck
桌,zhuō,桌,table
拙,zhuō,拙,clumsy
捉,zhuō,捉,catch
字,zì,字,"character, word"
自,zì,自,self; since
恣,zì,恣,indulgent
仔,zǐ,仔,careful
紫,zǐ,紫,purple
子,zǐ,子,son; child; suffix for small objects
姊,zǐ,姊,elder sister
梓,zǐ,梓,catalpa (tree)
姿,zī,姿,"posture, appearance"
資,zī,资,"money, capital; material, resources"
孜,zī,孜,diligent
咨,zī,咨,consult
茲,zī,茲,this
淄,zī,淄,a river name
宗,zōng,宗,"ancestor, sect"
棕,zōng,棕,brown
奏,zòu,奏,play (a musical instrument; report
走,zǒu,走,walk; leave
足,zú,足,foot; enough
卒,zú,卒,soldier; die
族,zú,族,clan
組,zǔ,组,group
祖,zǔ,祖,ancestor
俎,zǔ,俎,sacrificial vessel
租,zū,租,rent
最,zuì,最,most
昨,zuó,昨,yesterday
作,zuò,作,"todo, make"
坐,zuò,坐,sit
做,zuò,做,"do, make"
座,zuò,座,seat
柞,zuò,柞,oak tree
祚,zuò,祚,blessings
左,zuǒ,左,left (side)
佐,zuǒ,佐,assist
